{"cameraMode":{"drawMode":0,"name":"Shaded","section":"Shading Mode"},"sceneLighting":true,"audioPlay":false,"sceneViewState":{"m_AlwaysRefresh":false,"showFog":true,"showSkybox":true,"showFlares":true,"showImageEffects":true,"showParticleSystems":true,"showVisualEffectGraphs":true,"m_FxEnabled":true},"in2DMode":false,"pivot":{"x":-2.4811534881591799,"y":1.7997673749923707,"z":-0.21874003112316132},"rotation":{"x":-0.09820231795310974,"y":-0.4858728051185608,"z":0.055038340389728549,"w":-0.8667783737182617},"size":3.036360263824463,"orthographic":false}